Frequency,Ws,H1,D1,Lp,W1
1,10,13,8,20,23
1.0089999,10,13,8,20,23
1.018,10,13,8,20,23
1.027,10,13,8,20,23
1.036,10,13,8,20,23
1.045,10,13,8,20,23
1.054,10,13,8,20,23
1.063,10,13,8,20,23
1.072,10,13,8,20,23
1.081,10,13,8,20,23
1.09,10,13,8,20,23
1.099,10,13,8,20,23
1.108,10,13,8,20,23
1.117,10,13,8,20,23
1.126,10,13,8,20,23
1.135,10,13,8,20,23
1.1440001,10,13,8,20,23
1.153,10,13,8,20,23
1.1619999,10,13,8,20,23
1.171,10,13,8,20,23
1.1799999,10,13,8,20,23
1.189,10,13,8,20,23
1.198,10,13,8,20,23
1.207,10,13,8,20,23
1.216,10,13,8,20,23
1.225,10,13,8,20,23
1.234,10,13,8,20,23
1.243,10,13,8,20,23
1.252,10,13,8,20,23
1.261,10,13,8,20,23
1.27,10,13,8,20,23
1.279,10,13,8,20,23
1.288,10,13,8,20,23
1.2970001,10,13,8,20,23
1.306,10,13,8,20,23
1.3150001,10,13,8,20,23
1.324,10,13,8,20,23
1.3329999,10,13,8,20,23
1.342,10,13,8,20,23
1.351,10,13,8,20,23
1.36,10,13,8,20,23
1.369,10,13,8,20,23
1.378,10,13,8,20,23
1.387,10,13,8,20,23
1.396,10,13,8,20,23
1.405,10,13,8,20,23
1.414,10,13,8,20,23
1.423,10,13,8,20,23
1.432,10,13,8,20,23
1.441,10,13,8,20,23
1.45,10,13,8,20,23
1.459,10,13,8,20,23
1.4680001,10,13,8,20,23
1.477,10,13,8,20,23
1.4859999,10,13,8,20,23
1.495,10,13,8,20,23
1.5039999,10,13,8,20,23
1.513,10,13,8,20,23
1.522,10,13,8,20,23
1.531,10,13,8,20,23
1.54,10,13,8,20,23
1.549,10,13,8,20,23
1.558,10,13,8,20,23
1.567,10,13,8,20,23
1.576,10,13,8,20,23
1.585,10,13,8,20,23
1.594,10,13,8,20,23
1.603,10,13,8,20,23
1.612,10,13,8,20,23
1.6210001,10,13,8,20,23
1.63,10,13,8,20,23
1.6390001,10,13,8,20,23
1.648,10,13,8,20,23
1.6569999,10,13,8,20,23
1.666,10,13,8,20,23
1.675,10,13,8,20,23
1.684,10,13,8,20,23
1.693,10,13,8,20,23
1.702,10,13,8,20,23
1.711,10,13,8,20,23
1.72,10,13,8,20,23
1.729,10,13,8,20,23
1.738,10,13,8,20,23
1.747,10,13,8,20,23
1.756,10,13,8,20,23
1.765,10,13,8,20,23
1.774,10,13,8,20,23
1.783,10,13,8,20,23
1.7920001,10,13,8,20,23
1.801,10,13,8,20,23
1.8099999,10,13,8,20,23
1.819,10,13,8,20,23
1.8279999,10,13,8,20,23
1.837,10,13,8,20,23
1.846,10,13,8,20,23
1.855,10,13,8,20,23
1.864,10,13,8,20,23
1.873,10,13,8,20,23
1.882,10,13,8,20,23
1.891,10,13,8,20,23
1.9,10,13,8,20,23
1.909,10,13,8,20,23
1.918,10,13,8,20,23
1.927,10,13,8,20,23
1.936,10,13,8,20,23
1.9450001,10,13,8,20,23
1.954,10,13,8,20,23
1.9630001,10,13,8,20,23
1.972,10,13,8,20,23
1.9809999,10,13,8,20,23
1.99,10,13,8,20,23
1.999,10,13,8,20,23
2.0079999,10,13,8,20,23
2.017,10,13,8,20,23
2.026,10,13,8,20,23
2.0350001,10,13,8,20,23
2.0439999,10,13,8,20,23
2.053,10,13,8,20,23
2.062,10,13,8,20,23
2.0710001,10,13,8,20,23
2.0799999,10,13,8,20,23
2.089,10,13,8,20,23
2.098,10,13,8,20,23
2.1070001,10,13,8,20,23
2.1159999,10,13,8,20,23
2.125,10,13,8,20,23
2.1340001,10,13,8,20,23
2.1429999,10,13,8,20,23
2.152,10,13,8,20,23
2.161,10,13,8,20,23
2.1700001,10,13,8,20,23
2.1789999,10,13,8,20,23
2.188,10,13,8,20,23
2.197,10,13,8,20,23
2.2060001,10,13,8,20,23
2.2149999,10,13,8,20,23
2.224,10,13,8,20,23
2.233,10,13,8,20,23
2.2420001,10,13,8,20,23
2.2509999,10,13,8,20,23
2.26,10,13,8,20,23
2.2690001,10,13,8,20,23
2.2780001,10,13,8,20,23
2.2869999,10,13,8,20,23
2.296,10,13,8,20,23
2.3050001,10,13,8,20,23
2.3139999,10,13,8,20,23
2.323,10,13,8,20,23
2.332,10,13,8,20,23
2.3410001,10,13,8,20,23
2.3499999,10,13,8,20,23
2.359,10,13,8,20,23
2.368,10,13,8,20,23
2.3770001,10,13,8,20,23
2.3859999,10,13,8,20,23
2.395,10,13,8,20,23
2.404,10,13,8,20,23
2.4130001,10,13,8,20,23
2.4219999,10,13,8,20,23
2.431,10,13,8,20,23
2.4400001,10,13,8,20,23
2.4489999,10,13,8,20,23
2.4579999,10,13,8,20,23
2.467,10,13,8,20,23
2.4760001,10,13,8,20,23
2.4849999,10,13,8,20,23
2.494,10,13,8,20,23
2.503,10,13,8,20,23
2.5120001,10,13,8,20,23
2.5209999,10,13,8,20,23
2.53,10,13,8,20,23
2.539,10,13,8,20,23
2.5480001,10,13,8,20,23
2.5569999,10,13,8,20,23
2.566,10,13,8,20,23
2.575,10,13,8,20,23
2.5840001,10,13,8,20,23
2.5929999,10,13,8,20,23
2.602,10,13,8,20,23
2.6110001,10,13,8,20,23
2.6199999,10,13,8,20,23
2.6289999,10,13,8,20,23
2.638,10,13,8,20,23
2.6470001,10,13,8,20,23
2.6559999,10,13,8,20,23
2.665,10,13,8,20,23
2.674,10,13,8,20,23
2.6830001,10,13,8,20,23
2.6919999,10,13,8,20,23
2.701,10,13,8,20,23
2.71,10,13,8,20,23
2.7190001,10,13,8,20,23
2.7279999,10,13,8,20,23
2.737,10,13,8,20,23
2.7460001,10,13,8,20,23
2.7550001,10,13,8,20,23
2.7639999,10,13,8,20,23
2.773,10,13,8,20,23
2.7820001,10,13,8,20,23
2.7909999,10,13,8,20,23
2.8,10,13,8,20,23
2.809,10,13,8,20,23
2.8180001,10,13,8,20,23
2.8269999,10,13,8,20,23
2.836,10,13,8,20,23
2.845,10,13,8,20,23
2.8540001,10,13,8,20,23
2.8629999,10,13,8,20,23
2.872,10,13,8,20,23
2.881,10,13,8,20,23
2.8900001,10,13,8,20,23
2.8989999,10,13,8,20,23
2.908,10,13,8,20,23
2.9170001,10,13,8,20,23
2.9260001,10,13,8,20,23
2.9349999,10,13,8,20,23
2.944,10,13,8,20,23
2.9530001,10,13,8,20,23
2.9619999,10,13,8,20,23
2.971,10,13,8,20,23
2.98,10,13,8,20,23
2.9890001,10,13,8,20,23
2.9979999,10,13,8,20,23
3.007,10,13,8,20,23
3.016,10,13,8,20,23
3.0250001,10,13,8,20,23
3.0339999,10,13,8,20,23
3.043,10,13,8,20,23
3.052,10,13,8,20,23
3.0610001,10,13,8,20,23
3.0699999,10,13,8,20,23
3.079,10,13,8,20,23
3.0880001,10,13,8,20,23
3.0969999,10,13,8,20,23
3.1059999,10,13,8,20,23
3.115,10,13,8,20,23
3.1240001,10,13,8,20,23
3.1329999,10,13,8,20,23
3.142,10,13,8,20,23
3.151,10,13,8,20,23
3.1600001,10,13,8,20,23
3.1689999,10,13,8,20,23
3.178,10,13,8,20,23
3.187,10,13,8,20,23
3.1960001,10,13,8,20,23
3.2049999,10,13,8,20,23
3.214,10,13,8,20,23
3.223,10,13,8,20,23
3.2320001,10,13,8,20,23
3.2409999,10,13,8,20,23
3.25,10,13,8,20,23
3.2590001,10,13,8,20,23
3.2679999,10,13,8,20,23
3.277,10,13,8,20,23
3.286,10,13,8,20,23
3.2950001,10,13,8,20,23
3.3039999,10,13,8,20,23
3.313,10,13,8,20,23
3.322,10,13,8,20,23
3.3310001,10,13,8,20,23
3.3399999,10,13,8,20,23
3.349,10,13,8,20,23
3.358,10,13,8,20,23
3.3670001,10,13,8,20,23
3.3759999,10,13,8,20,23
3.385,10,13,8,20,23
3.3940001,10,13,8,20,23
3.4030001,10,13,8,20,23
3.4119999,10,13,8,20,23
3.421,10,13,8,20,23
3.4300001,10,13,8,20,23
3.4389999,10,13,8,20,23
3.448,10,13,8,20,23
3.457,10,13,8,20,23
3.4660001,10,13,8,20,23
3.4749999,10,13,8,20,23
3.484,10,13,8,20,23
3.493,10,13,8,20,23
3.5020001,10,13,8,20,23
3.5109999,10,13,8,20,23
3.52,10,13,8,20,23
3.529,10,13,8,20,23
3.5380001,10,13,8,20,23
3.5469999,10,13,8,20,23
3.556,10,13,8,20,23
3.5650001,10,13,8,20,23
3.5739999,10,13,8,20,23
3.5829999,10,13,8,20,23
3.592,10,13,8,20,23
3.6010001,10,13,8,20,23
3.6099999,10,13,8,20,23
3.619,10,13,8,20,23
3.628,10,13,8,20,23
3.6370001,10,13,8,20,23
3.6459999,10,13,8,20,23
3.655,10,13,8,20,23
3.664,10,13,8,20,23
3.6730001,10,13,8,20,23
3.6819999,10,13,8,20,23
3.691,10,13,8,20,23
3.7,10,13,8,20,23
3.7090001,10,13,8,20,23
3.7179999,10,13,8,20,23
3.727,10,13,8,20,23
3.7360001,10,13,8,20,23
3.7449999,10,13,8,20,23
3.7539999,10,13,8,20,23
3.763,10,13,8,20,23
3.7720001,10,13,8,20,23
3.7809999,10,13,8,20,23
3.79,10,13,8,20,23
3.799,10,13,8,20,23
3.8080001,10,13,8,20,23
3.8169999,10,13,8,20,23
3.826,10,13,8,20,23
3.835,10,13,8,20,23
3.8440001,10,13,8,20,23
3.8529999,10,13,8,20,23
3.862,10,13,8,20,23
3.8710001,10,13,8,20,23
3.8800001,10,13,8,20,23
3.8889999,10,13,8,20,23
3.898,10,13,8,20,23
3.9070001,10,13,8,20,23
3.9159999,10,13,8,20,23
3.925,10,13,8,20,23
3.934,10,13,8,20,23
3.9430001,10,13,8,20,23
3.9519999,10,13,8,20,23
3.961,10,13,8,20,23
3.97,10,13,8,20,23
3.9790001,10,13,8,20,23
3.9879999,10,13,8,20,23
3.997,10,13,8,20,23
4.006,10,13,8,20,23
4.0149999,10,13,8,20,23
4.0240002,10,13,8,20,23
4.033,10,13,8,20,23
4.0419998,10,13,8,20,23
4.0510001,10,13,8,20,23
4.0599999,10,13,8,20,23
4.0689998,10,13,8,20,23
4.0780001,10,13,8,20,23
4.0869999,10,13,8,20,23
4.0960002,10,13,8,20,23
4.105,10,13,8,20,23
4.1139998,10,13,8,20,23
4.1230001,10,13,8,20,23
4.132,10,13,8,20,23
4.1409998,10,13,8,20,23
4.1500001,10,13,8,20,23
4.1589999,10,13,8,20,23
4.1680002,10,13,8,20,23
4.177,10,13,8,20,23
4.1859999,10,13,8,20,23
4.1950002,10,13,8,20,23
4.204,10,13,8,20,23
4.2129998,10,13,8,20,23
4.2220001,10,13,8,20,23
4.2309999,10,13,8,20,23
4.2399998,10,13,8,20,23
4.2490001,10,13,8,20,23
4.2579999,10,13,8,20,23
4.2670002,10,13,8,20,23
4.276,10,13,8,20,23
4.2849998,10,13,8,20,23
4.2940001,10,13,8,20,23
4.303,10,13,8,20,23
4.3119998,10,13,8,20,23
4.3210001,10,13,8,20,23
4.3299999,10,13,8,20,23
4.3390002,10,13,8,20,23
4.348,10,13,8,20,23
4.3569999,10,13,8,20,23
4.3660002,10,13,8,20,23
4.375,10,13,8,20,23
4.3839998,10,13,8,20,23
4.3930001,10,13,8,20,23
4.402,10,13,8,20,23
4.4109998,10,13,8,20,23
4.4200001,10,13,8,20,23
4.4289999,10,13,8,20,23
4.4380002,10,13,8,20,23
4.447,10,13,8,20,23
4.4559999,10,13,8,20,23
4.4650002,10,13,8,20,23
4.474,10,13,8,20,23
4.4829998,10,13,8,20,23
4.4920001,10,13,8,20,23
4.5009999,10,13,8,20,23
4.5100002,10,13,8,20,23
4.5190001,10,13,8,20,23
4.5279999,10,13,8,20,23
4.5370002,10,13,8,20,23
4.546,10,13,8,20,23
4.5549998,10,13,8,20,23
4.5640001,10,13,8,20,23
4.573,10,13,8,20,23
4.5819998,10,13,8,20,23
4.5910001,10,13,8,20,23
4.5999999,10,13,8,20,23
4.6090002,10,13,8,20,23
4.618,10,13,8,20,23
4.6269999,10,13,8,20,23
4.6360002,10,13,8,20,23
4.645,10,13,8,20,23
4.6539998,10,13,8,20,23
4.6630001,10,13,8,20,23
4.6719999,10,13,8,20,23
4.6810002,10,13,8,20,23
4.6900001,10,13,8,20,23
4.6989999,10,13,8,20,23
4.7080002,10,13,8,20,23
4.717,10,13,8,20,23
4.7259998,10,13,8,20,23
4.7350001,10,13,8,20,23
4.744,10,13,8,20,23
4.7529998,10,13,8,20,23
4.7620001,10,13,8,20,23
4.7709999,10,13,8,20,23
4.7800002,10,13,8,20,23
4.789,10,13,8,20,23
4.7979999,10,13,8,20,23
4.8070002,10,13,8,20,23
4.816,10,13,8,20,23
4.8249998,10,13,8,20,23
4.8340001,10,13,8,20,23
4.8429999,10,13,8,20,23
4.8520002,10,13,8,20,23
4.8610001,10,13,8,20,23
4.8699999,10,13,8,20,23
4.8790002,10,13,8,20,23
4.888,10,13,8,20,23
4.8969998,10,13,8,20,23
4.9060001,10,13,8,20,23
4.915,10,13,8,20,23
4.9239998,10,13,8,20,23
4.9330001,10,13,8,20,23
4.9419999,10,13,8,20,23
4.9510002,10,13,8,20,23
4.96,10,13,8,20,23
4.9689999,10,13,8,20,23
4.9780002,10,13,8,20,23
4.987,10,13,8,20,23
4.9959998,10,13,8,20,23
5.0050001,10,13,8,20,23
5.0139999,10,13,8,20,23
5.0229998,10,13,8,20,23
5.0320001,10,13,8,20,23
5.0409999,10,13,8,20,23
5.0500002,10,13,8,20,23
5.059,10,13,8,20,23
5.0679998,10,13,8,20,23
5.0770001,10,13,8,20,23
5.086,10,13,8,20,23
5.0949998,10,13,8,20,23
5.1040001,10,13,8,20,23
5.1129999,10,13,8,20,23
5.1220002,10,13,8,20,23
5.131,10,13,8,20,23
5.1399999,10,13,8,20,23
5.1490002,10,13,8,20,23
5.158,10,13,8,20,23
5.1669998,10,13,8,20,23
5.1760001,10,13,8,20,23
5.1849999,10,13,8,20,23
5.1939998,10,13,8,20,23
5.2030001,10,13,8,20,23
5.2119999,10,13,8,20,23
5.2210002,10,13,8,20,23
5.23,10,13,8,20,23
5.2389998,10,13,8,20,23
5.2480001,10,13,8,20,23
5.257,10,13,8,20,23
5.2659998,10,13,8,20,23
5.2750001,10,13,8,20,23
5.2839999,10,13,8,20,23
5.2930002,10,13,8,20,23
5.302,10,13,8,20,23
5.3109999,10,13,8,20,23
5.3200002,10,13,8,20,23
5.329,10,13,8,20,23
5.3379998,10,13,8,20,23
5.3470001,10,13,8,20,23
5.3559999,10,13,8,20,23
5.3649998,10,13,8,20,23
5.3740001,10,13,8,20,23
5.3829999,10,13,8,20,23
5.3920002,10,13,8,20,23
5.401,10,13,8,20,23
5.4099998,10,13,8,20,23
5.4190001,10,13,8,20,23
5.428,10,13,8,20,23
5.4369998,10,13,8,20,23
5.4460001,10,13,8,20,23
5.4549999,10,13,8,20,23
5.4640002,10,13,8,20,23
5.473,10,13,8,20,23
5.4819999,10,13,8,20,23
5.4910002,10,13,8,20,23
5.5,10,13,8,20,23
5.5089998,10,13,8,20,23
5.5180001,10,13,8,20,23
5.527,10,13,8,20,23
5.5359998,10,13,8,20,23
5.5450001,10,13,8,20,23
5.5539999,10,13,8,20,23
5.5630002,10,13,8,20,23
5.572,10,13,8,20,23
5.5809999,10,13,8,20,23
5.5900002,10,13,8,20,23
5.599,10,13,8,20,23
5.6079998,10,13,8,20,23
5.6170001,10,13,8,20,23
5.6259999,10,13,8,20,23
5.6350002,10,13,8,20,23
5.6440001,10,13,8,20,23
5.6529999,10,13,8,20,23
5.6620002,10,13,8,20,23
5.671,10,13,8,20,23
5.6799998,10,13,8,20,23
5.6890001,10,13,8,20,23
5.698,10,13,8,20,23
5.7069998,10,13,8,20,23
5.7160001,10,13,8,20,23
5.7249999,10,13,8,20,23
5.7340002,10,13,8,20,23
5.743,10,13,8,20,23
5.7519999,10,13,8,20,23
5.7610002,10,13,8,20,23
5.77,10,13,8,20,23
5.7789998,10,13,8,20,23
5.7880001,10,13,8,20,23
5.7969999,10,13,8,20,23
5.8060002,10,13,8,20,23
5.8150001,10,13,8,20,23
5.8239999,10,13,8,20,23
5.8330002,10,13,8,20,23
5.842,10,13,8,20,23
5.8509998,10,13,8,20,23
5.8600001,10,13,8,20,23
5.869,10,13,8,20,23
5.8779998,10,13,8,20,23
5.8870001,10,13,8,20,23
5.8959999,10,13,8,20,23
5.9050002,10,13,8,20,23
5.914,10,13,8,20,23
5.9229999,10,13,8,20,23
5.9320002,10,13,8,20,23
5.941,10,13,8,20,23
5.9499998,10,13,8,20,23
5.9590001,10,13,8,20,23
5.9679999,10,13,8,20,23
5.9770002,10,13,8,20,23
5.9860001,10,13,8,20,23
5.9949999,10,13,8,20,23
6.0040002,10,13,8,20,23
6.013,10,13,8,20,23
6.0219998,10,13,8,20,23
6.0310001,10,13,8,20,23
6.04,10,13,8,20,23
6.0489998,10,13,8,20,23
6.0580001,10,13,8,20,23
6.0669999,10,13,8,20,23
6.0760002,10,13,8,20,23
6.085,10,13,8,20,23
6.0939999,10,13,8,20,23
6.1030002,10,13,8,20,23
6.112,10,13,8,20,23
6.1209998,10,13,8,20,23
6.1300001,10,13,8,20,23
6.1389999,10,13,8,20,23
6.1479998,10,13,8,20,23
6.1570001,10,13,8,20,23
6.1659999,10,13,8,20,23
6.1750002,10,13,8,20,23
6.184,10,13,8,20,23
6.1929998,10,13,8,20,23
6.2020001,10,13,8,20,23
6.211,10,13,8,20,23
6.2199998,10,13,8,20,23
6.2290001,10,13,8,20,23
6.2379999,10,13,8,20,23
6.2470002,10,13,8,20,23
6.256,10,13,8,20,23
6.2649999,10,13,8,20,23
6.2740002,10,13,8,20,23
6.283,10,13,8,20,23
6.2919998,10,13,8,20,23
6.3010001,10,13,8,20,23
6.3099999,10,13,8,20,23
6.3189998,10,13,8,20,23
6.3280001,10,13,8,20,23
6.3369999,10,13,8,20,23
6.3460002,10,13,8,20,23
6.355,10,13,8,20,23
6.3639998,10,13,8,20,23
6.3730001,10,13,8,20,23
6.382,10,13,8,20,23
6.3909998,10,13,8,20,23
6.4000001,10,13,8,20,23
6.4089999,10,13,8,20,23
6.4180002,10,13,8,20,23
6.427,10,13,8,20,23
6.4359999,10,13,8,20,23
6.4450002,10,13,8,20,23
6.454,10,13,8,20,23
6.4629998,10,13,8,20,23
6.4720001,10,13,8,20,23
6.4809999,10,13,8,20,23
6.4899998,10,13,8,20,23
6.4990001,10,13,8,20,23
6.5079999,10,13,8,20,23
6.5170002,10,13,8,20,23
6.526,10,13,8,20,23
6.5349998,10,13,8,20,23
6.5440001,10,13,8,20,23
6.553,10,13,8,20,23
6.5619998,10,13,8,20,23
6.5710001,10,13,8,20,23
6.5799999,10,13,8,20,23
6.5890002,10,13,8,20,23
6.598,10,13,8,20,23
6.6069999,10,13,8,20,23
6.6160002,10,13,8,20,23
6.625,10,13,8,20,23
6.6339998,10,13,8,20,23
6.6430001,10,13,8,20,23
6.652,10,13,8,20,23
6.6609998,10,13,8,20,23
6.6700001,10,13,8,20,23
6.6789999,10,13,8,20,23
6.6880002,10,13,8,20,23
6.697,10,13,8,20,23
6.7059999,10,13,8,20,23
6.7150002,10,13,8,20,23
6.724,10,13,8,20,23
6.7329998,10,13,8,20,23
6.7420001,10,13,8,20,23
6.7509999,10,13,8,20,23
6.7600002,10,13,8,20,23
6.7690001,10,13,8,20,23
6.7779999,10,13,8,20,23
6.7870002,10,13,8,20,23
6.796,10,13,8,20,23
6.8049998,10,13,8,20,23
6.8140001,10,13,8,20,23
6.823,10,13,8,20,23
6.8319998,10,13,8,20,23
6.8410001,10,13,8,20,23
6.8499999,10,13,8,20,23
6.8590002,10,13,8,20,23
6.868,10,13,8,20,23
6.8769999,10,13,8,20,23
6.8860002,10,13,8,20,23
6.895,10,13,8,20,23
6.9039998,10,13,8,20,23
6.9130001,10,13,8,20,23
6.9219999,10,13,8,20,23
6.9310002,10,13,8,20,23
6.9400001,10,13,8,20,23
6.9489999,10,13,8,20,23
6.9580002,10,13,8,20,23
6.967,10,13,8,20,23
6.9759998,10,13,8,20,23
6.9850001,10,13,8,20,23
6.994,10,13,8,20,23
7.0029998,10,13,8,20,23
7.0120001,10,13,8,20,23
7.0209999,10,13,8,20,23
7.0300002,10,13,8,20,23
7.039,10,13,8,20,23
7.0479999,10,13,8,20,23
7.0570002,10,13,8,20,23
7.066,10,13,8,20,23
7.0749998,10,13,8,20,23
7.0840001,10,13,8,20,23
7.0929999,10,13,8,20,23
7.1020002,10,13,8,20,23
7.1110001,10,13,8,20,23
7.1199999,10,13,8,20,23
7.1290002,10,13,8,20,23
7.138,10,13,8,20,23
7.1469998,10,13,8,20,23
7.1560001,10,13,8,20,23
7.165,10,13,8,20,23
7.1739998,10,13,8,20,23
7.1830001,10,13,8,20,23
7.1919999,10,13,8,20,23
7.2010002,10,13,8,20,23
7.21,10,13,8,20,23
7.2189999,10,13,8,20,23
7.2280002,10,13,8,20,23
7.237,10,13,8,20,23
7.2459998,10,13,8,20,23
7.2550001,10,13,8,20,23
7.2639999,10,13,8,20,23
7.2729998,10,13,8,20,23
7.2820001,10,13,8,20,23
7.2909999,10,13,8,20,23
7.3000002,10,13,8,20,23
7.309,10,13,8,20,23
7.3179998,10,13,8,20,23
7.3270001,10,13,8,20,23
7.336,10,13,8,20,23
7.3449998,10,13,8,20,23
7.3540001,10,13,8,20,23
7.3629999,10,13,8,20,23
7.3720002,10,13,8,20,23
7.381,10,13,8,20,23
7.3899999,10,13,8,20,23
7.3990002,10,13,8,20,23
7.408,10,13,8,20,23
7.4169998,10,13,8,20,23
7.4260001,10,13,8,20,23
7.4349999,10,13,8,20,23
7.4439998,10,13,8,20,23
7.4530001,10,13,8,20,23
7.4619999,10,13,8,20,23
7.4710002,10,13,8,20,23
7.48,10,13,8,20,23
7.4889998,10,13,8,20,23
7.4980001,10,13,8,20,23
7.507,10,13,8,20,23
7.5159998,10,13,8,20,23
7.5250001,10,13,8,20,23
7.5339999,10,13,8,20,23
7.5430002,10,13,8,20,23
7.552,10,13,8,20,23
7.5609999,10,13,8,20,23
7.5700002,10,13,8,20,23
7.579,10,13,8,20,23
7.5879998,10,13,8,20,23
7.5970001,10,13,8,20,23
7.6059999,10,13,8,20,23
7.6149998,10,13,8,20,23
7.6240001,10,13,8,20,23
7.6329999,10,13,8,20,23
7.6420002,10,13,8,20,23
7.651,10,13,8,20,23
7.6599998,10,13,8,20,23
7.6690001,10,13,8,20,23
7.678,10,13,8,20,23
7.6869998,10,13,8,20,23
7.6960001,10,13,8,20,23
7.7049999,10,13,8,20,23
7.7140002,10,13,8,20,23
7.723,10,13,8,20,23
7.7319999,10,13,8,20,23
7.7410002,10,13,8,20,23
7.75,10,13,8,20,23
7.7589998,10,13,8,20,23
7.7680001,10,13,8,20,23
7.777,10,13,8,20,23
7.7859998,10,13,8,20,23
7.7950001,10,13,8,20,23
7.8039999,10,13,8,20,23
7.8130002,10,13,8,20,23
7.822,10,13,8,20,23
7.8309999,10,13,8,20,23
7.8400002,10,13,8,20,23
7.849,10,13,8,20,23
7.8579998,10,13,8,20,23
7.8670001,10,13,8,20,23
7.8759999,10,13,8,20,23
7.8850002,10,13,8,20,23
7.8940001,10,13,8,20,23
7.9029999,10,13,8,20,23
7.9120002,10,13,8,20,23
7.921,10,13,8,20,23
7.9299998,10,13,8,20,23
7.9390001,10,13,8,20,23
7.948,10,13,8,20,23
7.9569998,10,13,8,20,23
7.9660001,10,13,8,20,23
7.9749999,10,13,8,20,23
7.9840002,10,13,8,20,23
7.993,10,13,8,20,23
8.0019999,10,13,8,20,23
8.0109997,10,13,8,20,23
8.0200005,10,13,8,20,23
8.0290003,10,13,8,20,23
8.0380001,10,13,8,20,23
8.0469999,10,13,8,20,23
8.0559998,10,13,8,20,23
8.0649996,10,13,8,20,23
8.0740004,10,13,8,20,23
8.0830002,10,13,8,20,23
8.092,10,13,8,20,23
8.1009998,10,13,8,20,23
8.1099997,10,13,8,20,23
8.1190004,10,13,8,20,23
8.1280003,10,13,8,20,23
8.1370001,10,13,8,20,23
8.1459999,10,13,8,20,23
8.1549997,10,13,8,20,23
8.1639996,10,13,8,20,23
8.1730003,10,13,8,20,23
8.1820002,10,13,8,20,23
8.191,10,13,8,20,23
8.1999998,10,13,8,20,23
8.2089996,10,13,8,20,23
8.2180004,10,13,8,20,23
8.2270002,10,13,8,20,23
8.2360001,10,13,8,20,23
8.2449999,10,13,8,20,23
8.2539997,10,13,8,20,23
8.2629995,10,13,8,20,23
8.2720003,10,13,8,20,23
8.2810001,10,13,8,20,23
8.29,10,13,8,20,23
8.2989998,10,13,8,20,23
8.3079996,10,13,8,20,23
8.3170004,10,13,8,20,23
8.3260002,10,13,8,20,23
8.335,10,13,8,20,23
8.3439999,10,13,8,20,23
8.3529997,10,13,8,20,23
8.3620005,10,13,8,20,23
8.3710003,10,13,8,20,23
8.3800001,10,13,8,20,23
8.3889999,10,13,8,20,23
8.3979998,10,13,8,20,23
8.4069996,10,13,8,20,23
8.4160004,10,13,8,20,23
8.4250002,10,13,8,20,23
8.434,10,13,8,20,23
8.4429998,10,13,8,20,23
8.4519997,10,13,8,20,23
8.4610004,10,13,8,20,23
8.4700003,10,13,8,20,23
8.4790001,10,13,8,20,23
8.4879999,10,13,8,20,23
8.4969997,10,13,8,20,23
8.5059996,10,13,8,20,23
8.5150003,10,13,8,20,23
8.5240002,10,13,8,20,23
8.533,10,13,8,20,23
8.5419998,10,13,8,20,23
8.5509996,10,13,8,20,23
8.5600004,10,13,8,20,23
8.5690002,10,13,8,20,23
8.5780001,10,13,8,20,23
8.5869999,10,13,8,20,23
8.5959997,10,13,8,20,23
8.6049995,10,13,8,20,23
8.6140003,10,13,8,20,23
8.6230001,10,13,8,20,23
8.632,10,13,8,20,23
8.6409998,10,13,8,20,23
8.6499996,10,13,8,20,23
8.6590004,10,13,8,20,23
8.6680002,10,13,8,20,23
8.677,10,13,8,20,23
8.6859999,10,13,8,20,23
8.6949997,10,13,8,20,23
8.7040005,10,13,8,20,23
8.7130003,10,13,8,20,23
8.7220001,10,13,8,20,23
8.7309999,10,13,8,20,23
8.7399998,10,13,8,20,23
8.7489996,10,13,8,20,23
8.7580004,10,13,8,20,23
8.7670002,10,13,8,20,23
8.776,10,13,8,20,23
8.7849998,10,13,8,20,23
8.7939997,10,13,8,20,23
8.8030005,10,13,8,20,23
8.8120003,10,13,8,20,23
8.8210001,10,13,8,20,23
8.8299999,10,13,8,20,23
8.8389997,10,13,8,20,23
8.8479996,10,13,8,20,23
8.8570004,10,13,8,20,23
8.8660002,10,13,8,20,23
8.875,10,13,8,20,23
8.8839998,10,13,8,20,23
8.8929996,10,13,8,20,23
8.9020004,10,13,8,20,23
8.9110003,10,13,8,20,23
8.9200001,10,13,8,20,23
8.9289999,10,13,8,20,23
8.9379997,10,13,8,20,23
8.9469995,10,13,8,20,23
8.9560003,10,13,8,20,23
8.9650002,10,13,8,20,23
8.974,10,13,8,20,23
8.9829998,10,13,8,20,23
8.9919996,10,13,8,20,23
9.0010004,10,13,8,20,23
9.0100002,10,13,8,20,23
9.0190001,10,13,8,20,23
9.0279999,10,13,8,20,23
9.0369997,10,13,8,20,23
9.0459995,10,13,8,20,23
9.0550003,10,13,8,20,23
9.0640001,10,13,8,20,23
9.073,10,13,8,20,23
9.0819998,10,13,8,20,23
9.0909996,10,13,8,20,23
9.1000004,10,13,8,20,23
9.1090002,10,13,8,20,23
9.118,10,13,8,20,23
9.1269999,10,13,8,20,23
9.1359997,10,13,8,20,23
9.1450005,10,13,8,20,23
9.1540003,10,13,8,20,23
9.1630001,10,13,8,20,23
9.1719999,10,13,8,20,23
9.1809998,10,13,8,20,23
9.1899996,10,13,8,20,23
9.1990004,10,13,8,20,23
9.2080002,10,13,8,20,23
9.217,10,13,8,20,23
9.2259998,10,13,8,20,23
9.2349997,10,13,8,20,23
9.2440004,10,13,8,20,23
9.2530003,10,13,8,20,23
9.2620001,10,13,8,20,23
9.2709999,10,13,8,20,23
9.2799997,10,13,8,20,23
9.2889996,10,13,8,20,23
9.2980003,10,13,8,20,23
9.3070002,10,13,8,20,23
9.316,10,13,8,20,23
9.3249998,10,13,8,20,23
9.3339996,10,13,8,20,23
9.3430004,10,13,8,20,23
9.3520002,10,13,8,20,23
9.3610001,10,13,8,20,23
9.3699999,10,13,8,20,23
9.3789997,10,13,8,20,23
9.3879995,10,13,8,20,23
9.3970003,10,13,8,20,23
9.4060001,10,13,8,20,23
9.415,10,13,8,20,23
9.4239998,10,13,8,20,23
9.4329996,10,13,8,20,23
9.4420004,10,13,8,20,23
9.4510002,10,13,8,20,23
9.46,10,13,8,20,23
9.4689999,10,13,8,20,23
9.4779997,10,13,8,20,23
9.4870005,10,13,8,20,23
9.4960003,10,13,8,20,23
9.5050001,10,13,8,20,23
9.5139999,10,13,8,20,23
9.5229998,10,13,8,20,23
9.5319996,10,13,8,20,23
9.5410004,10,13,8,20,23
9.5500002,10,13,8,20,23
9.559,10,13,8,20,23
9.5679998,10,13,8,20,23
9.5769997,10,13,8,20,23
9.5860004,10,13,8,20,23
9.5950003,10,13,8,20,23
9.6040001,10,13,8,20,23
9.6129999,10,13,8,20,23
9.6219997,10,13,8,20,23
9.6309996,10,13,8,20,23
9.6400003,10,13,8,20,23
9.6490002,10,13,8,20,23
9.658,10,13,8,20,23
9.6669998,10,13,8,20,23
9.6759996,10,13,8,20,23
9.6850004,10,13,8,20,23
9.6940002,10,13,8,20,23
9.7030001,10,13,8,20,23
9.7119999,10,13,8,20,23
9.7209997,10,13,8,20,23
9.7299995,10,13,8,20,23
9.7390003,10,13,8,20,23
9.7480001,10,13,8,20,23
9.757,10,13,8,20,23
9.7659998,10,13,8,20,23
9.7749996,10,13,8,20,23
9.7840004,10,13,8,20,23
9.7930002,10,13,8,20,23
9.802,10,13,8,20,23
9.8109999,10,13,8,20,23
9.8199997,10,13,8,20,23
9.8290005,10,13,8,20,23
9.8380003,10,13,8,20,23
9.8470001,10,13,8,20,23
9.8559999,10,13,8,20,23
9.8649998,10,13,8,20,23
9.8739996,10,13,8,20,23
9.8830004,10,13,8,20,23
9.8920002,10,13,8,20,23
9.901,10,13,8,20,23
9.9099998,10,13,8,20,23
9.9189997,10,13,8,20,23
9.9280005,10,13,8,20,23
9.9370003,10,13,8,20,23
9.9460001,10,13,8,20,23
9.9549999,10,13,8,20,23
9.9639997,10,13,8,20,23
9.9729996,10,13,8,20,23
9.9820004,10,13,8,20,23
9.9910002,10,13,8,20,23
10,10,13,8,20,23
